Query_ID	Target_ID	Optimal_offset	p-value	E-value	q-value	Overlap	Query_consensus	Target_consensus	Orientation
HWGBAWTTKBTKYHBCADVWWCWYCAKYAAHDSCWK	EXPREG_00001560	5	2.11952e-07	0.000125263	0.000148669	35	CTGCAATTTCTTTACCAAGTTCTTCAGCAACAGCAT	AATAGATTTTATCTATCGATTAAATTGTACATAGAGATTT	+
HWGBAWTTKBTKYHBCADVWWCWYCAKYAAHDSCWK	MX000057	-4	5.10703e-07	0.000301826	0.000148669	31	CTGCAATTTCTTTACCAAGTTCTTCAGCAACAGCAT	TGATTTAAAAAGAATTTTAAAATATAATACA	-
HWGBAWTTKBTKYHBCADVWWCWYCAKYAAHDSCWK	EXPREG_000006f0	-10	1.67205e-06	0.000988179	0.000355995	26	CTGCAATTTCTTTACCAAGTTCTTCAGCAACAGCAT	ATCCTTCCCAGGTGCATCAAGACCTTGA	+
HWGBAWTTKBTKYHBCADVWWCWYCAKYAAHDSCWK	ihf	14	2.92277e-06	0.00172736	0.000518573	34	CTGCAATTTCTTTACCAAGTTCTTCAGCAACAGCAT	TATTTATTTAATTTAACTTATTGATTTTTTAACATTTTATTATCTTAG	-
HWGBAWTTKBTKYHBCADVWWCWYCAKYAAHDSCWK	EXPREG_000004d0	-9	6.52552e-06	0.00385658	0.000992392	24	CTGCAATTTCTTTACCAAGTTCTTCAGCAACAGCAT	GTGCTGGCAGATCGCCATCATCGC	+

# Tomtom (Motif Comparison Tool): Version 5.3.3 compiled on Jun 24 2021 at 01:05:40
# The format of this file is described at https://meme-suite.org/meme/doc/tomtom-output-format.html.
# tomtom -oc motifs/Uncharacterized-3/tomtom -thresh 0.001 -incomplete-scores -png motifs/Uncharacterized-3/meme.txt /opt/conda/lib/python3.9/site-packages/pymodulon/data/meme/collectf.meme /opt/conda/lib/python3.9/site-packages/pymodulon/data/meme/dpinteract.meme /opt/conda/lib/python3.9/site-packages/pymodulon/data/meme/prodoric.meme /opt/conda/lib/python3.9/site-packages/pymodulon/data/meme/regtransbase.meme /opt/conda/lib/python3.9/site-packages/pymodulon/data/meme/SwissRegulon_e_coli.meme
